{
  "collapse-filter": false,
  "search": "",
  "showTags": true,
  "showAttachments": false,
  "hideUnresolved": false,
  "showOrphans": true,
  "collapse-color-groups": false,
  "colorGroups": [
    {
      "query": "tag:#microclimate",
      "color": {
        "a": 1,
        "rgb": 14701138
      }
    },
    {
      "query": "",
      "color": {
        "a": 1,
        "rgb": 14725458
      }
    }
  ],
  "collapse-display": false,
  "showArrow": false,
  "textFadeMultiplier": -3,
  "nodeSizeMultiplier": 0.4828125,
  "lineSizeMultiplier": 1.19739583333333,
  "collapse-forces": false,
  "centerStrength": 0.229166666666667,
  "repelStrength": 8.22916666666667,
  "linkStrength": 1,
  "linkDistance": 250,
  "scale": 0.5087618855792604,
  "close": false
}