{
  "main": {
    "id": "f21674a90ba8fabc",
    "type": "split",
    "children": [
      {
        "id": "fc5f9689557b5981",
        "type": "tabs",
        "children": [
          {
            "id": "351a33b4bbd6a3a5",
            "type": "leaf",
            "state": {
              "type": "markdown",
              "state": {
                "file": "MAINS.md",
                "mode": "source",
                "source": false
              }
            }
          },
          {
            "id": "89e66c06240d5c02",
            "type": "leaf",
            "state": {
              "type": "markdown",
              "state": {
                "file": "infrastructure - tech.md",
                "mode": "source",
                "source": false
              }
            }
          },
          {
            "id": "0ab9146bc19564ed",
            "type": "leaf",
            "state": {
              "type": "markdown",
              "state": {
                "file": "infrastructure - access.md",
                "mode": "source",
                "source": false
              }
            }
          }
        ],
        "currentTab": 2
      }
    ],
    "direction": "vertical"
  },
  "left": {
    "id": "f0b9e15f4eeebb56",
    "type": "split",
    "children": [
      {
        "id": "005083e9f055286b",
        "type": "tabs",
        "children": [
          {
            "id": "d4e4468b11ffa948",
            "type": "leaf",
            "state": {
              "type": "file-explorer",
              "state": {
                "sortOrder": "alphabetical"
              }
            }
          },
          {
            "id": "a94608e6ea22514e",
            "type": "leaf",
            "state": {
              "type": "search",
              "state": {
                "query": "food",
                "matchingCase": false,
                "explainSearch": false,
                "collapseAll": false,
                "extraContext": false,
                "sortOrder": "alphabetical"
              }
            }
          },
          {
            "id": "ad2b6a615a1c3913",
            "type": "leaf",
            "state": {
              "type": "starred",
              "state": {}
            }
          },
          {
            "id": "0ae9c71eeab37e1e",
            "type": "leaf",
            "state": {
              "type": "bookmarks",
              "state": {}
            }
          }
        ]
      }
    ],
    "direction": "horizontal",
    "width": 300
  },
  "right": {
    "id": "dd9bb5b3d6d9e968",
    "type": "split",
    "children": [
      {
        "id": "a78f02eece8e4595",
        "type": "tabs",
        "children": [
          {
            "id": "0f3843ee596fd727",
            "type": "leaf",
            "state": {
              "type": "backlink",
              "state": {
                "file": "infrastructure - access.md",
                "collapseAll": false,
                "extraContext": false,
                "sortOrder": "alphabetical",
                "showSearch": false,
                "searchQuery": "",
                "backlinkCollapsed": false,
                "unlinkedCollapsed": true
              }
            }
          },
          {
            "id": "d8c21113b63e35a8",
            "type": "leaf",
            "state": {
              "type": "outgoing-link",
              "state": {
                "file": "infrastructure - access.md",
                "linksCollapsed": false,
                "unlinkedCollapsed": true
              }
            }
          },
          {
            "id": "d2dc8d2e319a3467",
            "type": "leaf",
            "state": {
              "type": "tag",
              "state": {
                "sortOrder": "frequency",
                "useHierarchy": true
              }
            }
          },
          {
            "id": "3dccede84f4c8a84",
            "type": "leaf",
            "state": {
              "type": "outline",
              "state": {
                "file": "infrastructure - access.md"
              }
            }
          }
        ]
      }
    ],
    "direction": "horizontal",
    "width": 300,
    "collapsed": true
  },
  "left-ribbon": {
    "hiddenItems": {
      "switcher:Open quick switcher": false,
      "graph:Open graph view": false,
      "canvas:Create new canvas": false,
      "templates:Insert template": false,
      "command-palette:Open command palette": false
    }
  },
  "active": "0ab9146bc19564ed",
  "lastOpenFiles": [
    "infrastructure - tech.md",
    "infrastructure - access.md",
    "MAINS.md",
    "SEWER.md",
    "SOIL.md",
    "SOUNDS.md",
    "NEIGHBORS.md",
    "Programming.md",
    "Rainfall.md",
    "Regenerative Luxury Residential Real Estate.md",
    "SLOPE.md",
    "WATER.md",
    "WILD ANIMALS.md",
    "Circulation.md",
    "Limits of the land.md",
    "TECHNOLOGY.md",
    "THE SUN. AGAIN.md",
    "LEGISLATION.md",
    "Vegetation.md",
    "WIND.md",
    "FIRE.md",
    "Extremes.md",
    "ORIENTATION.md",
    "Bioregion.md",
    "LATITUDE.md",
    "Foundation.md",
    "Untitled.canvas"
  ]
}