{
  "main": {
    "id": "f21674a90ba8fabc",
    "type": "split",
    "children": [
      {
        "id": "953a5e0c1d0ce3b2",
        "type": "tabs",
        "children": [
          {
            "id": "66d64ef12e025975",
            "type": "leaf",
            "state": {
              "type": "markdown",
              "state": {
                "file": "building parts - foundation.md",
                "mode": "source",
                "source": false
              }
            }
          },
          {
            "id": "9191d36f2095e8da",
            "type": "leaf",
            "state": {
              "type": "markdown",
              "state": {
                "file": "building parts - walls.md",
                "mode": "source",
                "source": false
              }
            }
          },
          {
            "id": "06a18fb5d93b7950",
            "type": "leaf",
            "state": {
              "type": "markdown",
              "state": {
                "file": "building parts - structure.md",
                "mode": "source",
                "source": false
              }
            }
          },
          {
            "id": "19d88183a3f93c47",
            "type": "leaf",
            "state": {
              "type": "markdown",
              "state": {
                "file": "scale- Bioregion.md",
                "mode": "source",
                "source": false
              }
            }
          },
          {
            "id": "3640d55bc980d44f",
            "type": "leaf",
            "state": {
              "type": "canvas",
              "state": {
                "file": "ooo - canvas.canvas",
                "viewState": {
                  "x": -47.60191349083175,
                  "y": 25.108142552781032,
                  "zoom": -1.6666666666666665
                }
              }
            }
          }
        ],
        "currentTab": 4
      }
    ],
    "direction": "vertical"
  },
  "left": {
    "id": "f0b9e15f4eeebb56",
    "type": "split",
    "children": [
      {
        "id": "005083e9f055286b",
        "type": "tabs",
        "children": [
          {
            "id": "d4e4468b11ffa948",
            "type": "leaf",
            "state": {
              "type": "file-explorer",
              "state": {
                "sortOrder": "alphabetical"
              }
            }
          },
          {
            "id": "a94608e6ea22514e",
            "type": "leaf",
            "state": {
              "type": "search",
              "state": {
                "query": "food",
                "matchingCase": false,
                "explainSearch": false,
                "collapseAll": false,
                "extraContext": false,
                "sortOrder": "alphabetical"
              }
            }
          },
          {
            "id": "ad2b6a615a1c3913",
            "type": "leaf",
            "state": {
              "type": "starred",
              "state": {}
            }
          },
          {
            "id": "0ae9c71eeab37e1e",
            "type": "leaf",
            "state": {
              "type": "bookmarks",
              "state": {}
            }
          }
        ]
      }
    ],
    "direction": "horizontal",
    "width": 300
  },
  "right": {
    "id": "dd9bb5b3d6d9e968",
    "type": "split",
    "children": [
      {
        "id": "a78f02eece8e4595",
        "type": "tabs",
        "children": [
          {
            "id": "0f3843ee596fd727",
            "type": "leaf",
            "state": {
              "type": "backlink",
              "state": {
                "file": "ooo - canvas.canvas",
                "collapseAll": false,
                "extraContext": false,
                "sortOrder": "alphabetical",
                "showSearch": false,
                "searchQuery": "",
                "backlinkCollapsed": false,
                "unlinkedCollapsed": true
              }
            }
          },
          {
            "id": "d8c21113b63e35a8",
            "type": "leaf",
            "state": {
              "type": "outgoing-link",
              "state": {
                "file": "ooo - canvas.canvas",
                "linksCollapsed": false,
                "unlinkedCollapsed": true
              }
            }
          },
          {
            "id": "d2dc8d2e319a3467",
            "type": "leaf",
            "state": {
              "type": "tag",
              "state": {
                "sortOrder": "frequency",
                "useHierarchy": true
              }
            }
          },
          {
            "id": "3dccede84f4c8a84",
            "type": "leaf",
            "state": {
              "type": "outline",
              "state": {
                "file": "ooo - canvas.canvas"
              }
            }
          }
        ],
        "currentTab": 3
      }
    ],
    "direction": "horizontal",
    "width": 300,
    "collapsed": true
  },
  "left-ribbon": {
    "hiddenItems": {
      "switcher:Open quick switcher": false,
      "graph:Open graph view": false,
      "canvas:Create new canvas": false,
      "templates:Insert template": false,
      "command-palette:Open command palette": false,
      "obsidian-markbase:Sync all Markbase projects": false
    }
  },
  "active": "3640d55bc980d44f",
  "lastOpenFiles": [
    "assets/Regenerative Luxury Residential Real Estate.md",
    "Notes Central.md",
    "ooo - canvas.canvas",
    "building parts - foundation.md",
    "000.md",
    "scale - chemistry.md",
    "scale- Bioregion.md",
    "habitat - Circulation.md",
    "building parts - walls.md",
    "building parts - structure.md",
    "building parts - roof.md",
    "WATER.md",
    "habitat - Wisdom of Place.md",
    "microclimate - WIND.md",
    "habitat - WILD ANIMALS.md",
    "microclimate - VIEWS.md",
    "microclimate - Vegetation.md",
    "microclimate - THE SUN’S POSITION.md",
    "microclimate - THE SUN. AGAIN.md",
    "habitat - The site’s existing elements.md",
    "microclimate - SOUNDS.md",
    "microclimate - SOIL.md",
    "microclimate - SLOPE.md",
    "habitat - SEWER.md",
    "microclimate - Rainfall.md",
    "habitat - Programming.md",
    "microclimate  - ORIENTATION.md",
    "assets/qual-o-impacto-de-cada-material-de-construcao_6.jpg",
    "assets"
  ]
}